{
  "aor": 0.0003508802816901408,
  "aqi": 0.00542217426056338,
  "dvars_nstd": 33.097404500459355,
  "dvars_std": 1.0629043851590094,
  "dvars_vstd": 0.9904691976325084,
  "efc": 0.4553901204967549,
  "fber": 88.52725982666016,
  "fd_mean": 0.05631082822596089,
  "fd_num": 0,
  "fd_perc": 0.0,
  "fwhm_avg": 7.63782,
  "fwhm_x": 7.25053,
  "fwhm_y": 8.32397,
  "fwhm_z": 7.38258,
  "gcor": 0.011963344795603148,
  "gsr_x": 0.004270014353096485,
  "gsr_y": 0.01153333019465208,
  "metadata": {
    "modality": "bold",
    "rec_id": "SSGExternalCalEyesClosed",
    "subject_id": "pilot1",
    "task_id": "rest"
  },
  "size_t": 284,
  "size_x": 100,
  "size_y": 100,
  "size_z": 64,
  "snr": 1.9754537567447883,
  "spacing_tr": 0.6800000071525574,
  "spacing_x": 2.200000047683716,
  "spacing_y": 2.200000762939453,
  "spacing_z": 2.200000047683716,
  "summary_bg_k": 47.570211448576046,
  "summary_bg_mean": 159.5855255126953,
  "summary_bg_p05": 28.708016777038573,
  "summary_bg_p95": 737.2174987792966,
  "summary_bg_stdv": 373.3566589355469,
  "summary_fg_k": -0.6186489053501871,
  "summary_fg_mean": 3356.397705078125,
  "summary_fg_p05": 210.16786193847656,
  "summary_fg_p95": 6129.918701171875,
  "summary_fg_stdv": 1824.6749267578125,
  "tsnr": 39.027923583984375
}