{
  "aor": 0.0003678169014084507,
  "aqi": 0.004946574964788733,
  "dvars_nstd": 34.12345841742051,
  "dvars_std": 1.062405497879858,
  "dvars_vstd": 0.9915606266784449,
  "efc": 0.4564205651716615,
  "fber": 89.0084228515625,
  "fd_mean": 0.05527302761455201,
  "fd_num": 0,
  "fd_perc": 0.0,
  "fwhm_avg": 7.65563,
  "fwhm_x": 7.2672,
  "fwhm_y": 8.33884,
  "fwhm_z": 7.40407,
  "gcor": 0.011650881297151807,
  "gsr_x": 0.004285281058400869,
  "gsr_y": 0.011790437623858452,
  "metadata": {
    "modality": "bold",
    "rec_id": "SSGInternalCalEyesOpen",
    "subject_id": "pilot1",
    "task_id": "rest"
  },
  "size_t": 284,
  "size_x": 100,
  "size_y": 100,
  "size_z": 64,
  "snr": 1.9688535016104223,
  "spacing_tr": 0.6800000071525574,
  "spacing_x": 2.200000047683716,
  "spacing_y": 2.200000762939453,
  "spacing_z": 2.200000047683716,
  "summary_bg_k": 42.56925091384101,
  "summary_bg_mean": 161.69752502441406,
  "summary_bg_p05": 25.85103282928467,
  "summary_bg_p95": 751.1776000976554,
  "summary_bg_stdv": 371.19720458984375,
  "summary_fg_k": -0.6246050724499566,
  "summary_fg_mean": 3354.276611328125,
  "summary_fg_p05": 210.95054626464844,
  "summary_fg_p95": 6137.695996093748,
  "summary_fg_stdv": 1827.6453857421875,
  "tsnr": 37.975955963134766
}