{
  "aor": 0.00035140845070422535,
  "aqi": 0.0053965836267605635,
  "dvars_nstd": 33.03494827484101,
  "dvars_std": 1.0602411545936392,
  "dvars_vstd": 0.9905669467137804,
  "efc": 0.45516801632133425,
  "fber": 88.67880249023438,
  "fd_mean": 0.05624371509212934,
  "fd_num": 0,
  "fd_perc": 0.0,
  "fwhm_avg": 7.6308,
  "fwhm_x": 7.24076,
  "fwhm_y": 8.31674,
  "fwhm_z": 7.37858,
  "gcor": 0.01197643263239256,
  "gsr_x": 0.004385241307318211,
  "gsr_y": 0.011288822628557682,
  "metadata": {
    "modality": "bold",
    "rec_id": "SSGExternalCalEyesOpen",
    "subject_id": "pilot1",
    "task_id": "rest"
  },
  "size_t": 284,
  "size_x": 100,
  "size_y": 100,
  "size_z": 64,
  "snr": 1.9743893730192144,
  "spacing_tr": 0.6800000071525574,
  "spacing_x": 2.200000047683716,
  "spacing_y": 2.200000762939453,
  "spacing_z": 2.200000047683716,
  "summary_bg_k": 47.33725784305531,
  "summary_bg_mean": 159.1190185546875,
  "summary_bg_p05": 28.658578872680664,
  "summary_bg_p95": 736.1908691406222,
  "summary_bg_stdv": 373.1207275390625,
  "summary_fg_k": -0.6180276391657995,
  "summary_fg_mean": 3356.10107421875,
  "summary_fg_p05": 210.90179595947268,
  "summary_fg_p95": 6130.401562499999,
  "summary_fg_stdv": 1824.1751708984375,
  "tsnr": 38.977821350097656
}