{
  "aor": 0.0003701408450704226,
  "aqi": 0.0054314491901408446,
  "dvars_nstd": 35.67277468897525,
  "dvars_std": 1.0592716663250876,
  "dvars_vstd": 0.9931518499999992,
  "efc": 0.4659453874595439,
  "fber": 89.51094818115234,
  "fd_mean": 0.05498853102623219,
  "fd_num": 0,
  "fd_perc": 0.0,
  "fwhm_avg": 7.67603,
  "fwhm_x": 7.293,
  "fwhm_y": 8.35246,
  "fwhm_z": 7.42489,
  "gcor": 0.010747587177115428,
  "gsr_x": -0.0012050438672304153,
  "gsr_y": 0.028598500415682793,
  "metadata": {
    "modality": "bold",
    "rec_id": "old",
    "subject_id": "pilot1",
    "task_id": "rest"
  },
  "size_t": 284,
  "size_x": 100,
  "size_y": 100,
  "size_z": 64,
  "snr": 1.9674110897564425,
  "spacing_tr": 0.6800000071525574,
  "spacing_x": 2.200000047683716,
  "spacing_y": 2.200000047683716,
  "spacing_z": 2.200000047683716,
  "summary_bg_k": 44.490857740471064,
  "summary_bg_mean": 179.12518310546875,
  "summary_bg_p05": 26.562237548828126,
  "summary_bg_p95": 711.6286132812494,
  "summary_bg_stdv": 360.24822998046875,
  "summary_fg_k": -0.645141118731495,
  "summary_fg_mean": 3342.542236328125,
  "summary_fg_p05": 251.00657653808594,
  "summary_fg_p95": 6128.035302734375,
  "summary_fg_stdv": 1821.0076904296875,
  "tsnr": 35.51889419555664
}